sentence,years_found,percentages_found
"   Copyright © 2008 by the United Nations Development Programme in Turkey UN House, Birlik Mahallesi, 2.",2008,
First published in March 2008 Printing: Desen Ofset A.Ş.,2008,
"Sokak, No:2 Çankaya/Ankara Cover: Tasarımhane Layout: Tasarımhane For a list of any errors or ommissions found subsequent to printing, please visit our web site at www.undp.org.tr or www.youthpost.org TEAM FOR THE PREPARATION OF TURKEY 2008 / HUMAN DEVELOPMENT REPORT Coordinator and Lead Author Ayge",2008,
"v TURKEY 2008 / HUMAN DEVELOPMENT REPORT This Report is part of a series of UNDP’s Human Development Reports, national and international.",2008,
"There are also important ‘social’ freedoms, such as the capability to participate in the life of the community, to join in public discussion and to participate in political decision-making…1 The National Human Development Report 2008 on Youth in Turkey has used an unorthodox approach in its preparat",2008,
"Mahmood Ayub UN Resident Coordinator and UNDP Representative in Turkey FOREWORD vi HUMAN DEVELOPMENT REPORT / TURKEY 2008 vii TURKEY 2008 / HUMAN DEVELOPMENT REPORT This Report was prepared by a core team led by Aygen Aytaç, and comprising Berivan Eliş, Dr.","2008, 2008",
Many young people also sent their contributions to viii HUMAN DEVELOPMENT REPORT / TURKEY 2008 the web site of the Report.,2008,
ix TURKEY 2008 / HUMAN DEVELOPMENT REPORT ACRONYMS AMATEM : Ankara Alcohol and Substance Addiction Treatment and Training Centre ATAUM : Ankara University European Communities Research Implementation Centre CEE/CIS : Central and Eastern Europe/Commonwealth of Independent States EU : European Union F,"2008, 2008, 2008",
"3.4 Health care 3.5 Quality of life indicators 3.6 For a healthier generation of youth Chapter 4 Youth Unemployment 4.1 Strong economic growth, weaker Human Development 4.2 Employment issues 4.3 Education and participation in Turkey contrasted with the EU 4.4 Employment and youth employment trends 4",2008,
Chapter 6 Vision for the Future 6.1 Time for another leap in Turkey 6.2 Young population will start decreasing after 2010 6.3 Education is the first priority 6.4 Employment is the most critical issue 6.5 Development with a human face Annexes Annex One: Turkey: Selected key statistics Annex Two: Turk,2010,
Annex Seven: The position of youth in the labour market in OECD countries Endnotes Bibliography BOXES 1.1 Youth in central government policy 1.2 The General Directorate of Youth and Sports (GSGM) 1.3 Youth NGOs and public sector synchronization project 1.4 Some socially conservative restrictive atti,"2008, 2000, 2001",
"UNFPA Turkey Risks youth face in labour life, Professor Nazmi Bilir Child labour is decreasing in Turkey, ILO Turkey and UNICEF Turkey The ten commandments for humanizing the digital age, Üner Kırdar xiv HUMAN DEVELOPMENT REPORT / TURKEY 2008 1 TURKEY 2008 / HUMAN DEVELOPMENT REPORT Following the ma","2008, 2008, 2001, 2002, 2006",7.5%
"On the other hand in the same period the unemployment rate has remained stubbornly at around 10%, and the rate of participation of the labour force declined including for women whose participaton rate is as low as 26%.",,"10%, 26%"
"Roosevelt  HUMAN DEVELOPMENT REPORT / TURKEY 2008 skills, culture, values, education, knowledge, teaching, governance, management and further capacity creation.",2008,
Turkey started a strong process of modernisation under the guidance of Mustafa Kemal Atatürk at the foundation of the Republic in 1923.,1923,
"However, it still has strong potentials and more specifically, the window of opportunity 3 TURKEY 2008 / HUMAN DEVELOPMENT REPORT will last until 2040.","2008, 2040",
"In the same vein, Turkey’s entire prospective development path toward 2023 and beyond aiming at such targets as very high levels of competitiveness, higher employment, sustainability of growth, greater equity and gender equality makes an effective policy focus on youth all the more pertinent.",2023,
"4 HUMAN DEVELOPMENT REPORT / TURKEY 2008 This present Report is to a significant extent based on a comprehensive ‘State of Youth Survey’ carried out among 3,322 young individuals aged 15-24 in 12 different regions (Istanbul, Adana, Malatya, Ankara, Izmir, Bursa, Tekirdağ, Diyarbakır, Samsun, Trabzon",2008,
"During March-July 2007, more than 150 meetings and interviews were held and more than 5,000 e-mails were reviewed for the preparation of this Report.",2007,
"According to the 2007 Population Census, there are more than 12 million young people between the ages of 15-24 in Turkey, corresponding to 17.6% of the total population.3 Youth obviously constitute a very strong potential for Turkey.",2007,17.6%
"Of the 12.4 million young people aged 15-24, 30% go to school, 30% work.",,"30%, 30%"
"Moreover, almost 40% -5 million young peopleare ‘idle’: They neither work, nor go to school.",,40%
"In the longer run, the creation of a youth parliament may provide a platform for 5 TURKEY 2008 / HUMAN DEVELOPMENT REPORT young people to express themselves on issues and policies which affect them.",2008,
Ongoing reform efforts to change the student selection processes and having multiple exams at the end of each year 6 HUMAN DEVELOPMENT REPORT / TURKEY 2008 in secondary school and using the cumulative score from these exams as the placement criteria for tertiary education are positive signals highli,2008,
"In a package of recommendations addressing the Turkish Government, the education experts propose, in the framework of ‘Educational Reform Initiative’4, that “In order to train teachers with the necessary tools and skills and to encourage them to prepare their students to become democratic and contem","2008, 2012",
There is a need to ensure adequate quality across the spectrum of existing universities and more 7 TURKEY 2008 / HUMAN DEVELOPMENT REPORT particularly with respect to the new ones being created.,2008,
"Turkey, whose  HUMAN DEVELOPMENT REPORT / TURKEY 2008 legal framework relating to child labour is already strong, has made serious efforts which have brought noticeable improvements in implementation in this field as confirmed by ILO/Turkey.",2008,
Greater participation of youth in decision processes across the coun- 9 TURKEY 2008 / HUMAN DEVELOPMENT REPORT try would contribute significantly to Human Development .,2008,
Selected policy directions relating to youth on Turkey’s path to 2023.,2023,
Turkey aims to reach a significantly higher level of income and a distinctly more advanced degree of development by 2023 which coincides with the centenary of the Turkish Republic.,2023,
"Apart from the related education and labour components of this process partly dealt 10 HUMAN DEVELOPMENT REPORT / TURKEY 2008 with above, it is worth emphasising that a strategy of transformation to the knowledge economy is indispensable.",2008,
"For the knowledge economy path to become predominant with the increasing and most active participation of youth, the following would also be needed: more flexible and efficient governance structures; a significant improvement in the abolition of unrecorded economic activities; a more rules-based com",2023,
Chapter 1 YOUTH POLICY IN TURKEY “ Human Development allows for space in which a person has the ability to do (be) certain things that s/he values.”6 Amartya Sen 13 TURKEY 2008 / HUMAN DEVELOPMENT REPORT 1 invisible group.,2008,
Selected critical characteristics and issues 14 HUMAN DEVELOPMENT REPORT / TURKEY 2008 1 broadly with their vision and energy.,2008,
"• Village institutes, which functioned between 1940 and 1953, provide another example.","1940, 1953",
The 1961 Constitution recognized a positive role for young people and several student societies became active in rural areas and urban community work.,1961,
The political chaos culminated in the military coup of 1980.,1980,
The Constitution of 1982 that followed the 1980 coup erected new barriers for youth.,"1982, 1980",
"Although some amendments and reforms have been made - decreasing the voting-age from 21 to 18 in 1995, for example - opportunities for young people to participate in political and social life were limited.",1995,
"Now, political parties have relatively weak grassroots organizations, and the representation of young generations, especially young women, is very weak.11 Following the massive 1999 earthquake, when 20,000 people died, Turkey witnessed the mobilization of hundreds of thousands of volunteers, mostly ",1999,
The high rates of youth unemployment –nearly 19% - and the low rates of youth participation in the labour force – under 35% - speak to the limited opportunities for youth in Turkey.,,"19%, 35%"
"15 TURKEY 2008 / HUMAN DEVELOPMENT REPORT 1 Poverty, unemployment and migration to a big city without the skills needed in the urban labour market limit a young person’s chances to get established in life – let alone to advance.",2008,
"Key areas where such support is missing: • Coverage of primary and secondary education is still not 100% - and dropout rates are still high, especially among women and often for economic reasons.",,100%
• Pre-school education reaches only about 20% of the pre-school population.,,20%
"Although school enrolment rates for girls have increased and gender gaps in enrolment and attendance in primary education have closed by 15% in recent years, there were gender gaps of 4% in primary education and 8% in secondary education in the 2006-2007 education year.12 Adolescent girls drop out o","2006, 2007","15%, 4%, 8%"
Only 25% of the female population over 15 years of age is accounted for in labour force participation rates.,,25%
16 HUMAN DEVELOPMENT REPORT / TURKEY 2008 1 The discrimination faced by young women is best symbolized in their access to modern age public places such as internet cafes.,2008,
Even though female Turkish citizens gained the right to vote and to be elected in 1935 - years before many other European countries - the number of women in parliament is still very low.,1935,
There are currently only 50 women among the 550 deputies in the parliament – and even this number is double the number before the elections of July 2007.,2007,
"Of these 12 million, 30% go to school, 30% work.",,"30%, 30%"
"Almost 40% --5 million young people-- are ‘idle.’ They neither work, nor go to school.",,40%
"17 TURKEY 2008 / HUMAN DEVELOPMENT REPORT 1 will benefit, but also their families, their local communities and to some degree the country as a whole.",2008,
"As the first Human Development Report, published in 1990, put it: “ Human Development is a process of enlarging people’s choices.",1990,
"Additional choices include political freedom, guaranteed human rights and personal self-respect” (UNDP, Human Development Report 1990, page 1).",1990,
"In these cases, not only the individuals 18 HUMAN DEVELOPMENT REPORT / TURKEY 2008 1 Young people in Turkey today – those between the ages of 15 and 24, girls and boys, young women and young men in cities, towns and rural areas, in the West and in the East, in the South and the North – find themselv",2008,
The fact that there is not a National Youth Council that will contribute to 19 TURKEY 2008 / HUMAN DEVELOPMENT REPORT 1 coordination in Turkey accounts at least partly for this problem18.,2008,
"YOUTH IN CENTRAL GOVERNMENT POLICY State Planning Organization 2008-2010 Medium-term Programme - Equal opportunities will be provided to women, youth, long-term unemployed, handicapped and the formerly convicted who face difficulties in the labour market.","2008, 2010",
"Strategy of the Ninth Development Plan (2007-2013) - Social affinity of the youth, sensitivity and self confidence will be developed in a manner to foster their confidence in the future.","2007, 2013",
Such a Council should assist in the preparation of 20 HUMAN DEVELOPMENT REPORT / TURKEY 2008 1 BOX 1.2.,2008,
"The share allocated to the General Directorate of Youth and Sports from the Government’s budget is only 0.2% (approximately US$ 247 million)22 and only 1% of this financial support is allocated to the Department of Youth Services, which is the only body under GSGM not related to sports.23 In other w",,"0.2%, 1%"
21 TURKEY 2008 / HUMAN DEVELOPMENT REPORT 1 together on such a bill.,2008,
"YOUTH NGOs AND PUBLIC SECTOR SYNCHRONIZATION PROJECT The “Youth NGOs and Public Synchronization Project” was realized between December 2005 – December 2006 in Ankara in particular, as well as in Adana, Erzurum, Isparta, Antalya, İstanbul, İzmir and Şanlıurfa.","2005, 2006",
The outputs of the Youth NGOs and Public Synchronization Project realized during 2005-2006 (See Box 1.3.) show that NGOs and public institutions could work 1.3.1.,"2005, 2006",
A multi-sectoral and multi-dimensional policy for youth advancement and protection could be in place by the end of 2008.,2008,
For a comprehensive youth policy 22 HUMAN DEVELOPMENT REPORT / TURKEY 2008 1 1.3.2.,2008,
23 TURKEY 2008 / HUMAN DEVELOPMENT REPORT 1 and resources necessary for their full development.,2008,
A participatory formulation process would follow the setup 24 HUMAN DEVELOPMENT REPORT / TURKEY 2008 1 of the strategic goals as a fourth step.,2008,
"Skinner 27 TURKEY 2008 / HUMAN DEVELOPMENT REPORT 2 Despite this considerable increase, expenditure on education is still low compared to OECD countries.",2008,
"Expenditures per primary, secondary (and post-secondary non-tertiary) students increased in most countries between 1995 and 2004.","1995, 2004",
"The increase is 50% or more in a group of countries including Turkey, Greece, Hungary, Ireland, Poland, Portugal, and the Slovak Republic.",,50%
"This expenditure goes up to US$ 100,000 or more in Austria, Denmark, Iceland, Luxembourg, Norway, Switzerland and the United States.34 In 1997 the number of years of compulsory primary school education in Turkey was increased to eight years (from five).35 This change also increased the net enrolment",1997,89%
But still only 56% of young people are continuing to high school after primary school.,,56%
Only 18% make it to the university right after graduating from high school.36 Figure 2.1 draws a rather striking picture of the elimination of youth as they attempt to advance in the educational system.,,18%
"While the country-level average schooling rate at primary education level is 89% as shown above, this rate is 79% in Southeastern Anatolian region and 84% in Northeastern Anatolia.",,"89%, 79%, 84%"
"…Primary education is compulsory for all citizens of both sexes and is free of charge in state schools...” 31 The share of Ministry of National Education (MoNE) in the central budget has been increasing steadily in the last five years.32 In 2006, this share in the budget was 9.5%, increasing to 10.4","2006, 2007","9.5%, 10.4%, 3.4%"
The monthly scholarship provided to each student was raised from US$ 10 in 2002 to US$ 43 in 2007.33 CHAPTER 2 EDUCATION OPPORTUNITIES FOR YOUTH 2.1.,"2002, 2007",
Quantity issue: Numbers and percentages in education 28 HUMAN DEVELOPMENT REPORT / TURKEY 2008 2 majority (64.4%) did not enjoy going to school during the previous year.,2008,64.4%
"Of those young people who did not continue their education, 11% were kept from going to school by their parents.",,11%
"secondary education level for the country is 56%, while it is 26% in Southeastern Anatolia and 41% in Northeastern Anatolia.37 Young people who did not attend postsecondary school institutions or university were questioned as part of The State of Youth Survey as to their reasons why.",,"56%, 26%, 41%"
"Some 30% said they either had to go to work to earn money or they did not have the economic means to pay for school expenses, while for 50% the stated reason was “lack of interest or desire.” If we look more closely at this last group however, we see that 60% of those are from lower income families,",,"30%, 50%, 60%"
"Among 1.4 million babies born every year in Turkey, approximately 20% receive early childhood education.",,20%
"And most of those children live in big cities and in relatively better economic situations.38 According to the State of Youth Survey, youth who have the highest rate of pre-school education opportunity are the ones belonging to the highest income group (40.3%).",,40.3%
"According to AÇEV, investment in early school education has a seven-fold return to the economy.39 Figure 2.1 The selected youth: Net schooling percentages at each level 29 TURKEY 2008 / HUMAN DEVELOPMENT REPORT 2 Besides those who leave school early or dropout of school at early stages, there are ma",2008,
"During the 2006-2007 school year, open primary schools extended educational services to 109,000 active students and open secondary schools to 193,000 students.","2006, 2007",
"The Open Vocational Schools, established in early 2006, have reached 56,000 youth either by TV broadcasting or, in some cases, through face-to-face teaching.",2006,
"Of the more than 1.3 million trainees who attend the public education centres every year, 56% are women, while the majority of the more than 300 thousand participants of the vocational training courses are men, with women constituting only 15%.",,"56%, 15%"
Several youth NGOs hold peer training programmes and internal training seminars for the volunteers working in their organizations in order to educate young trainers who can spread what they 30 HUMAN DEVELOPMENT REPORT / TURKEY 2008 2 have learnt by training other people and multiply the benefits to ,2008,
"The State of Youth Survey shows that 22% of the young labourers have started working before the age of 15, which is the legal starting age Special Contribution Gender inequality is a serious issue in education The combined effect of low public expenditure and a heavy reliance on private expenditure ",,22%
The gender gap in gross enrolment in secondary education was 17% in the 2002-2003 academic year — indicating a substantial number of adolescent girls who either dropped out or were withdrawn from the educational system by their families for various reasons.,"2002, 2003",17%
The gender gap in enrolment and attendance in primary education has since closed by 15% but universal access to education for adolescent girls remains a long way off.,,15%
This is reflected in the fact that only 25% of the female population over 15 years of age are accounted for in labour force participation rates.,,25%
"by UNICEF/Turkey Sources: Primary School Enrolment and Attendance, Ministry of National Education (MoNE) Research and Planning Committee, Ankara, 2003; Dr J.",2003,
"M., Girls’ Education Campaign Turkey, MoNE and UNICEF, Ankara, 2007; Prime Ministry Turkish Statistical Institute.",2007,
75% of young people who participated in the State of Youth Survey do not agree with the idea that going to school is a waste of time.,,75%
37% of the youth believe that their education does not play an important role in finding jobs.,,37%
Those who think that education partially affects employment chances constitute 12%.,,12%
While 34% of primary school graduates think that their education did or will have an effect on finding 31 TURKEY 2008 / HUMAN DEVELOPMENT REPORT 2 my life in private courses and exams.,2008,34%
Some 1.6 million students took the exam in 2007.45 Families sacrifice a lot to send their children to university.,2007,
"The number of universities has increased a job, this rate increases to 60.6% among university graduates.",,60.6%
"According to the figures pertaining to the beginning of the 2006-2007 school year, a total of 694,329 students from all geographical regions of Turkey were transported, free of charge, from their villages or small towns to schools in the provincial capitals (a total of 6,410 individual schools) whic","2006, 2007",
"According to 2006-2007 Ministry of Education figures, only about 40% of YIBO students are girls.","2006, 2007",40%
"A total of 16,171 handicapped students benefited from this service during the 2005-2006 school year and were able to continue their education.","2005, 2006",
"In order to benefit from the CCT, students must attend 80% of classes every month, and not repeat more than one year (throughout all school years).",,80%
"As of October 2006, more than 1.5 million students benefited from CCTs which greatly increased the ratio of students who advanced to secondary school and continued their studies beyond.",2006,
"Overall in Turkey, during the school year of 2003-2004, one out of two pupils, who attended the 8th grade were able to pass on to high school (Lycee); while 7 out of every 10 children who benefited from the CCT achieved this success.","2003, 2004",
"During the same period, the ratio of female students who graduated from the 8th grade and continued on to secondary school was 38.7%, while the corresponding ratio for girls who benefited from CCT was a net 75.4%.",,"38.7%, 75.4%"
"2.2 EFFORTS TO IMPROVE SCHOOL ATTENDANCE 32 HUMAN DEVELOPMENT REPORT / TURKEY 2008 2 rapidly in order to meet the demand, but still only one quarter of the applicants can actually make it to the university.",2008,
"The fact that the enrolment rate decreases by 37 percentage points, from 56% in secondary education to 19% in tertiary education, indicates that many students who gain the right to enter a university do not or cannot actually go to the university.46 This is partly the result of the university entran",,"56%, 19%"
"The share allocated to higher education institutions and the Council of Higher Education (YÖK), is 3.21% of the consolidated budget, amounting to US$ 5 billion or roughly 1% of the GNP in 2007.",2007,"3.21%, 1%"
"There are 68 public47 and 25 private universities in Turkey teaching a total of 2.5 million students.48 Per capita expenditure on core educational The number of private courses in Turkey increased more than 20-fold from 174 in 1984 to almost 4,000 in the 2006-2007 education year.","1984, 2006, 2007",
In 2007 more than 1.7 million candidates took the ÖSS exam.,2007,
"According to the World Bank’s ‘Education Sector in Turkey’ report in 2005, the money spent for exam preparations in Turkey was US$ 650 million in 2002.","2005, 2002",
The same research also reports that 11.4% of the total money spent for education by families goes to private courses and that this amount equals one fifth of public spending made on all universities in Turkey.,,11.4%
"Sources: Ankara Chamber of Commerce, Private Courses File, 2004; World Bank Education Sector in Turkey, 2005; National Education Statistics: Formal Education, 2006-2007.","2004, 2005, 2006, 2007",
"In 13 out of the 31 OECD countries and partner countries for which data are available, the proportion spent on capital expenditure at the tertiary level is 10% or more.",,10%
"In Greece, South Korea, Spain and Turkey it is above 17%.50 Scholarships and loans are distributed by the General Directorate of Higher Education Credits and Hostels Institution (Yurt-Kur).",,17%
"Still, only 560 thousand university students benefit from these loans 33 TURKEY 2008 / HUMAN DEVELOPMENT REPORT 2 have a significant effect on people’s decision to ask for financial support.",2008,
"The repayment period is approximately 3-4 years in Turkey, while it is 20 years or more in Iceland, Norway and Sweden where almost 100% of students get loans.52 In addition to the loan schemes, there are 220 student dormitories serving the accommodation need of higher education students under the co",,100%
"According to a research conducted in 2001, 42% of fourth grade students in Turkey were in the lowest quintile of the reading literacy scale.54 Too many students are graduating from schools without mastering a set of minimum skills, as stated in the 2005 UNESCO Education for All Monitoring Report.","2001, 2005",42%
"Similarly, OECD’s Programme for International Student Assessment (PISA) research in 2003 among 15-year-old youths living in OECD countries focused on how good educational systems prepare students for life.",2003,
"When asked if they were aware of any state scholarship or loan schemes, more than 50% of young people who responded to the State of Youth Survey said no.",,50%
"Repayment of these loans is an issue that needs attention because repayments can 34 HUMAN DEVELOPMENT REPORT / TURKEY 2008 2 School, (to become an imam).",2008,
"Ingrained 35 TURKEY 2008 / HUMAN DEVELOPMENT REPORT 2 negative attitudes towards education and training make it hard to design and implement policies to combat unemployment, especially youth unemployment.58 On the other hand, it needs to be pointed out that the 2006 labour force participation rate f","2008, 2006","84%, 70%, 7.8%, 13%"
"36% of all secondary school students currently attend vocational high schools.60 Because of the current university system, the decision to attend a vocational school or a general secondary school heavily determines the future of a young person’s education life.",,36%
"OECD’s PISA study of 2003, mentioned above, indicates that Turkey has the highest rate of standard divergence among its stu-dents’ scores because the best and the worst scorers are evaluated together.64 While average Turkish literacy and mathematics standards were low by international comparisons, a",2003,
"Although the eight year compulsory education has been in place since 1997, there are still five-year elementary schools in some villages and village teachers working there, sometimes teaching five different grades in the same classroom… A young male teacher serving in a village of Bitlis (in the Sou",1997,
"I think to myself ‘I divide the blackboard into five, but can 36 HUMAN DEVELOPMENT REPORT / TURKEY 2008 2 I divide myself, too?’ Each class has a different lesson, different curriculum and different levels.",2008,
"37 TURKEY 2008 / HUMAN DEVELOPMENT REPORT 2 Currently, most schools do not have a budget to address their needs in a timely manner.",2008,
38 HUMAN DEVELOPMENT REPORT / TURKEY 2008 2 Recent efforts to change the curricula for a more child-centred and constructivist approach holds potential for enhancing young people’s capacity to participate effectively in an innovative economy and a democratic society.,2008,
"In a package of recommendations addressing the Turkish Government, the education experts propose, in the framework of ‘Educational Reform Initiative’66, that “In order to train teachers with the necessary tools and skills and to encourage them to prepare their students to become democratic and conte","2008, 2012",
"According to 2005 data, the ratio of students who chose to do vocational studies in Turkey is 36%.",2005,36%
"Business places will contribute to the reduction of the unemployment problem by 39 TURKEY 2008 / HUMAN DEVELOPMENT REPORT 2 offering internships and later, permanent jobs to the students and graduates of vocational schools.",2008,
"Still, in a country like Turkey where there are 12 million young people who will be in the working age by 2020, both quantity and quality are big challenges.",2020,
40 HUMAN DEVELOPMENT REPORT / TURKEY 2008 Chapter 3 “YOUNG AND HEALTHY” ?,2008,
“A healthy mind can only be found in a healthy body” Turkish Proverb 43 TURKEY 2008 / HUMAN DEVELOPMENT REPORT 3 CHAPTER 3 “YOUNG AND HEALTHY”?,2008,
"A World Fit for Children, the outcome document of the 2002 United Nations Special Session on Children, acknowledges this when it says that: “A world fit for children is one in which … all children, including adolescents, have ample opportunity to develop their natural capacities in a safe and suppor",2002,
44 HUMAN DEVELOPMENT REPORT / TURKEY 2008 3 3.2.,2008,
"While roughly 7% of girls and boys attended pre–school in 2001, there were gender gaps of 8% in primary education and 17% in secondary education that same year.69 In 2007, a little more than 16% of girls and boys attend pre-school education, and the gender gap in primary education decreased down to ","2001, 2007","7%, 8%, 17%, 16%, 4%, 8%"
"Among those who have little or no primary education, 15% give birth between the ages of 15 and 19 years compared to 3% of their peers who finish high school.",,"15%, 3%"
"The situation of adolescent girls is showing improvements in this respect: Of those who had begun childbearing at the time of the last Turkey Demographic and Health Survey in 2003 (TDHS), the percentage had dropped from 10% in 1998 to 8% — 2% of whom were pregnant with their first child.70 The healt","2003, 1998","10%, 8%, 2%"
"The findings of the TDHS emphasise the adverse effects of child marriage on adolescent girls and their families by returning consistently poorer indicators for routine immunisation, stunted growth, disability, chronic illness and the recursive problem of lower educational 45 TURKEY 2008 / HUMAN DEVE",2008,
"Disturbingly, in its report published in 2003 the TDHS found that 63% of girls between 15 and 19 years of age felt that their husbands would be justified performance and attainment in their children.71 Although the law prohibits children from marrying, families — particularly those in remote rural a",2003,63%
"And many of the honour killings are not reported to police; are instead shown as suicide etc…’ As stated in the report produced by UNFPA and UNDP in 2005, entitled “The dynamics of Honour Killings in Turkey”, the younger generation is actually more accepting and supportive of killing in the name of ",2005,
"This conclusion is further reinforced by recent findings that 63% of the young women aged 15-19 expect to be beaten as part of their married life (TDHS, 2003).74 These findings show that the young generation needs to be trained well and thoroughly for combating violence against women.",2003,63%
The endorsement of the Law for the Protection of the Family (1998) and amendments in the Civil Law (2001) and the Penal Code (2004) all work to further criminalize violence against women and have increased the penalties for honour crimes.,"1998, 2001, 2004",
In May 2005 an “Investigation Commission for determining the causes of violence against women and children/ honour crimes” was established under the National Assembly.,2005,
"This commission’s Parliamentary Report led to the issuing of a Prime Ministerial circular on “Measures to Prevent Violent Acts against Women and Children, and Crimes in the Name of Honour and Custom” which was published in the Official Gazette in July 2006.",2006,
"Since 2005, the Ministry of Interior has also been proactive in combating violence against women/honour crimes by issuing circulars and initiating training for its personnel.",2005,
"In 2005 the Ministry of Interior, Security General Directorate issued a “Circular on the Implementation of the Family Protection Law (Number 4320)” for the action of 81 Governorships of Turkey.",2005,
"46 HUMAN DEVELOPMENT REPORT / TURKEY 2008 3 gender discrimination and nine women out of ten declare that beating cannot have any justification whatsoever.76 Although such a large improvement cannot be expected in such a relatively short period, a significant increase in awareness is observed and it ",2008,
"In 2003, the TDHS indicated that “In Turkey, marriage is very important from a demographic perspective, because, besides being prevalent throughout the country, almost all births occur within marriage.",2003,
"The number of HIV/AIDS infections reported since 1985 is low at 2,254 cases in beating them for at least one of five reasons specified in the survey.",1985,
"The most common response in that age group was from 52% who accepted that arguing with their husbands would be sufficient justification for violence.75 On the other hand, encouragingly, according to a very recent research work based on both quantitative and qualitative findings by Ayşe Gül Altınay a",2008,52%
"Of women who were questioned on methods of avoiding HIV/AIDS, 31% did not even know of AIDs or that it can be avoided and only 22% understood that condoms offer protection.",,"31%, 22%"
"BOX 3.1 MY FAMILY PROGRAMME 48 HUMAN DEVELOPMENT REPORT / TURKEY 2008 3 disorders, osteoporosis, diabetes mellitus, and oral and dental problems.",2008,
"Smoking causes coronary cardiac diseases, high blood pressure, cancer, chronic lung diseases, neurological and mental Public spending on health as a percentage of GDP in Turkey has improved from 2002, when it was 4.7% of GDP, to 2004 when it was about 5.2% of GDP.","2002, 2004","4.7%, 5.2%"
"However, per capita public expenditure on preventive health care is lower than any other OECD country, representing 10% of the average among OECD countries and the European Union (EU) and it actually fell from US$ 5.00 to US$ 4.80 between 1999 and 2003.81 Private health service expenditures through ","1999, 2003",10%
As around 95% of the population is covered by health insurance most of them benefit from health insurance through their parents or the green card which has been issued to a total of 14 million persons.,,95%
Social protection public expenditure to GDP has increased from 8.6% of GDP in 2002 to 9% in 2004.,"2002, 2004","8.6%, 9%"
Nevertheless the allocation for social protection expenditures in Turkey is currently still less than half the 2003 average within the EU.82 Public expenditure on health could rise during the course of the next few years owing to the Government’s plan to transform the Green Card scheme of free healt,2003,
"According to the new bill on health, the following is foreseen: The expanded system of universal health 49 TURKEY 2008 / HUMAN DEVELOPMENT REPORT 3 Health that will hopefully improve access to health services will be the establishment of the Universal Health Insurance Fund and the introduction of fa",2008,
The necessity for investment in adolescent health — and the provision of life–skills based education in particular — needs to be 50 HUMAN DEVELOPMENT REPORT / TURKEY 2008 Special Contribution Risks youth face in labour life explored more.,2008,
"Officials of the Ankara Alcohol and Substance Addiction Treatment and Training Centre (AMATEM) shared with the researchers of this Report at a meeting, the fact that none of the municipalities and private sector companies 51 TURKEY 2008 / HUMAN DEVELOPMENT REPORT 3 that were visited while seeking fi",2008,
"For example, an international programme was launched in 1992 to end child labour (International Programme on Elimination of Child Labour).",1992,
"52 HUMAN DEVELOPMENT REPORT / TURKEY 2008 Chapter 4 YOUTH UNEMPLOYMENT “You complete 16 years of education, go through all that but cannot find a job.",2008,
"First, one must have a job.” A female secondary school graduate from İzmir 55 TURKEY 2008 / HUMAN DEVELOPMENT REPORT 4 CHAPTER 4 YOUTH UNEMPLOYMENT 4.1.",2008,
This mainly stems from an unusually high share of agricultural employment -- above 40% for a long period-- which was to an important extent a result of the decadeslong agricultural subsidies that dampened the rural-urban population transition.,,40%
"Labour force participation rates by education in Turkey (TURKSTAT data) 56 HUMAN DEVELOPMENT REPORT / TURKEY 2008 4 unemployment appears to remain stuck not only for the young, but also for the whole labour force.",2008,
"The Turkish economy has grown rapidly after the big economic crisis in 2001, averaging about 7.5% annually in the 2002 to 2006 period.","2001, 2002, 2006",7.5%
Annual consumer inflation in 2007 registered 8.4%.,2007,8.4%
"In Turkey, out of every 100 young urban university graduate women in 2006, 50 worked, 20 were unemployed, and 30 did not participate in the labour force.",2006,
Thus the unemployment rate was just under 30%.,,30%
Male-female urban unemployment rates by education (TURKSTAT data) 57 TURKEY 2008 / HUMAN DEVELOPMENT REPORT 4 verge of becoming the seventeenth largest in the world with a GDP of about US$ 500 billion.,2008,
"(This Report was finalised before Turkey’s 2008 National Income Series were released.) According to the results of the 2007 Population Census, per capita income is expected to reach approximately US$ 7,000.","2008, 2007",
Exports exceeded US$ 85 billion in 2006 and reached US$ 105 billion in 2007.,"2006, 2007",
"In the State of Youth Survey, 49.1% of the youth said “a good job” is what they most want, followed by “esteem” (18.1%) and “love” (only 16.9%).",,"49.1%, 18.1%, 16.9%"
"In the case of employment, there has been an almost total lack of net job formation between 2002 and 2004 despite economic growth.","2002, 2004",
"As the findings of the World Bank’s 2006 Turkey Labour Force Study also show, the biggest disadvantage of young people in finding jobs is their youth.",2006,
"When asked for the most important reason why they cannot find jobs, in the State of Youth Survey, 29.9% of the young people answered, “being young and inexperienced”.",,29.9%
"Among those who are seeking jobs, the leastexperienced who will enter the labour force for the first time, are at an even bigger disadvantage; they constitute 40% of the total number of unemployed young people.",,40%
"“YOUNG” AND “INEXPERIENCED” ARE USED ALMOST SYNONYMOUSLY 58 HUMAN DEVELOPMENT REPORT / TURKEY 2008 4 In some cases, economic recovery comes without new jobs, especially in the emerging markets, because of productivity increases.",2008,
"During the period 1980-2002, annual real GNP growth in Turkey averaged about 4%, while the average employment growth rate was 0.8%.","1980, 2002","4%, 0.8%"
"Even in the more recent period of 20022006 when the average economic growth rate has been 7.5%, and investment increased by 14.2% on average, productivity rose to a large extent because of imported new machinery alongside some efficiency gains, and the unemployment rate has stubbornly remained uncha","2002, 2006","7.5%, 14.2%, 10%, 10.3%, 9.9%"
The employment growth rate in the same period was again also 0.8%.87 Fast growth with low employment means fast productivity growth.,,0.8%
"The two most recent economic programmes, especially the 2001 one, have replaced the previous undifferentiating forms of general agricultural subsidies with more targeted instruments.",2001,
Agricultural employment dropped from around 8.1 million in 2001 to just over 6 million in 2006.,"2001, 2006",
"In the same period, non-agricultural employment increased by an average of 3.9% per year and industrial employment by 3.1% per year.",,"3.9%, 3.1%"
"From 2003 to 2006, the number of unemployed remained level despite the increase in the working age population of around four million, which makes for an increase of one million people a year.","2003, 2006",
"Net agricultural job losses have been 330 thousand per year, which makes net job creation 245 thousand a year between 2003 and 2006.","2003, 2006",
"Assuming that the overall unemployment rate of approximately 10% also applies to these new entrants instead of the higher nonagricultural unemployment rate of 12.6%, these figures imply that, out of the potential 4 million, 2.22 million participated in the labour force; labour force participation in",,"10%, 12.6%, 55.5%"
"This figure is higher than the overall labour force participation rate of 49%, so there has been a rise.",,49%
"A 60% participation rate would have implied 2.4 million participants with 400,000 out of work (17% unemployment rate) and a 70% participation rate – a Lisbon goal - would have implied 2.8 million participants with 800,000 out of work (a 36% unemployment rate) in this period for the new entrants.",,"60%, 17%, 70%, 36%"
"As also indicated in a recent report: “Population growth keeps outpacing employment growth in Turkey and educated young people have difficulty in finding jobs.” (World Bank, 2006, p.",2006,
"Keeping people in the agriculture 59 TURKEY 2008 / HUMAN DEVELOPMENT REPORT 4 sector is not a solution, however, as gross value added per worker in agricultural is less than one-third of the rest of the economy, i.e., industry and services.",2008,
"The average years of schooling in Turkey is still less than six years (twelve now in South Korea, both countries had similar per capita incomes at the beginning of the 1960’s).",1960,
"The overall labour force participation rate for women in Turkey is the lowest, compare to EU countries (25%).",,25%
"In 2007, 1.5 million young people applied to the ‘Public Service Personnel Selection Exam’ (KPSS).",2007,
"Although the establishment of the KPSS in 1999 has improved the situation, complaints about some aspects of the system relating to hiring public personnel have not disappeared since then, and the process continues with people voicing grievances, even if on a smaller scale.",1999,
60 HUMAN DEVELOPMENT REPORT / TURKEY 2008 4 Turkey is likely to continue having employment creation bottlenecks.,2008,
"The country would have to create 13 million new jobs by 2010 to reach the Lisbon target of 70% employment rate, which, it must be pointed out, constitutes a very high target rate indeed!89 Its current workforce is 25 million.",2010,70%
The first one was the big 2001 economic crisis referred to earlier.,2001,
Turkish firms were forced to utilize their existing workforce better by investing in machinery and equipment from 2002 onwards...,2002,
"According to the latest data, youth between the ages of 15 to 24 account for about 17% (around 12 million) of Turkey’s population of about 72 million in 2007.",2007,17%
"By 2040, the only rising proportion of the population will belong to the 65 year-olds and above.",2040,
"Therefore, 2040 will mark the end of the Turkish demographic window of opportunity.",2040,
"In Turkey, in 2006, 15-24 year-olds made up 18.5% (4.6 million) of the total labour force of 24.8 million.",2006,18.5%
"In contrast, young unemployed make up 35% (858 thousand) of the total number of unemployed.",,35%
They make up 16.7% of the total employed.,,16.7%
Current non-agricultural 61 TURKEY 2008 / HUMAN DEVELOPMENT REPORT 4 employment growth rates will not be sufficient to absorb this surplus.,2008,
This problem is expected to peak around 2015-2020 before demographic pressures start to ease.,"2015, 2020",
"At present, the overall participation rate in Turkey keeps falling; it is now 48%.",,48%
"In 2006, the urban participation rate is lower at 45.5%.",2006,45.5%
Female participation is very low at 24.9%.,,24.9%
The labourforce participation rate for youth is 38%.,,38%
Ercan finds that the most significant coefficient for women’s LFPR in a cross-country econometric examination is the tertiary enrolment rate.90 Women who are secondary school graduates are natural candidates for ALMP measures because their labour force participation rate is only 30.6% (2006).,2006,30.6%
62 HUMAN DEVELOPMENT REPORT / TURKEY 2008 Table 4.1a.,2008,
"ratio Nonparticipants Male Illiterate 1,026 415 371 44 40.4% 10.6% 18.7 36.2% 611 Literate, no diploma 1,341 679 601 78 50.6% 11.5% 17.7 44.8% 662 Primary 10,376 8,024 7,289 735 77.3% 9.2% 11.6 70.2% 2,352 Junior high and junior voc.",,"40.4%, 10.6%, 36.2%, 50.6%, 11.5%, 44.8%, 77.3%, 9.2%, 70.2%"
"2,887 2,395 2,151 244 83.0% 10.2% 11.4 74.5% 492 High school 3,233 2,194 1,947 247 67.9% 11.3% 12.0 60.2% 1,039 Vocational high 2,460 1,996 1,812 184 81.1% 9.2% 9.8 73.7% 464 College 2,395 2,014 1,857 157 84.1% 7.8% 7.9 77.5% 381 Eight-year compulsory 1,883 581 492 89 30.9% 15.3% 18.1 26.1% 1,302 To",,"83.0%, 10.2%, 74.5%, 67.9%, 11.3%, 60.2%, 81.1%, 9.2%, 73.7%, 84.1%, 7.8%, 77.5%, 30.9%, 15.3%, 26.1%, 71.5%, 9.7%, 64.5%, 16.2%, 1.3%, 16.0%, 19.5%, 4.2%, 18.7%, 23.1%, 6.7%, 21.6%"
"1,505 360 305 55 23.9% 15.3% 19.5 20.3% 1,145 High school 2,351 663 511 152 28.2% 22.9% 25.0 21.7% 1,688 Vocational high 1,350 500 395 105 37.0% 21.0% 21.9 29.3% 850 College 1,510 1,054 917 137 69.8% 13.0% 13.1 60.7% 456 Eight-year compulsory 1,557 219 191 28 14.1% 12.8% 23.5 12.3% 1,338 Total 26,06",2006,"23.9%, 15.3%, 20.3%, 28.2%, 22.9%, 21.7%, 37.0%, 21.0%, 29.3%, 69.8%, 13.0%, 60.7%, 14.1%, 12.8%, 12.3%, 24.9%, 10.3%, 22.3%"
Eight-year compulsory education went into effect in 1997.,1997,
"ratio Nonparticipants Male Illiterate 95 37 29 8 38.9% 21.6% 25.3 30.5% 58 Literate, no diploma 336 162 131 31 48.2% 19.1% 22.9 39.0% 174 Primary 732 623 522 101 85.1% 16.2% 18.5 71.3% 109 Junior high and junior voc.",,"38.9%, 21.6%, 30.5%, 48.2%, 19.1%, 39.0%, 85.1%, 16.2%, 71.3%"
"605 500 414 86 82.6% 17.2% 19.6 68.4% 105 High school 1,268 493 382 111 38.9% 22.5% 25.2 30.1% 775 Vocational high 708 468 388 80 66.1% 17.1% 18.7 54.8% 240 College 248 192 143 49 77.4% 25.5% 26.2 57.7% 56 Eight-year compulsory 1,882 580 491 89 30.8% 15.3% 18.0 26.1% 1,302 Total 5,874 3,055 2,500 55",,"82.6%, 17.2%, 68.4%, 38.9%, 22.5%, 30.1%, 66.1%, 17.1%, 54.8%, 77.4%, 25.5%, 57.7%, 30.8%, 15.3%, 26.1%, 52.0%, 18.2%, 42.6%, 12.8%, 4.3%, 12.3%, 17.7%, 8.5%, 16.2%, 25.6%, 10.1%, 23.0%"
"423 120 97 23 28.4% 19.2% 26.7 22.9% 303 High school 1,112 269 188 81 24.2% 30.1% 34.4 16.9% 843 Vocational high 505 213 150 63 42.2% 29.6% 31.2 29.7% 292 College 276 205 145 60 74.3% 29.3% 29.9 52.5% 71 Eight-year compulsory 1,553 218 190 28 14.0% 12.8% 23.6 12.2% 1,335 Total 6,226 1,534 1,232 302 ",2008,"28.4%, 19.2%, 22.9%, 24.2%, 30.1%, 16.9%, 42.2%, 29.6%, 29.7%, 74.3%, 29.3%, 52.5%, 14.0%, 12.8%, 12.2%, 24.6%, 19.7%, 19.8%"
"For women this difference is huge, ten percentage points in the primeage group of 25-44, for example.92 That is, the current female LFPR of 25% should have been 35%.",,"25%, 35%"
"Only by 2030 will Turkish female LFPR trajectory have settled to what it should be, given the expected trends in per capita income and education levels.",2030,
"In Turkey, 22.3 million people were employed in 2006 (see Table 4.2).",2006,
The Turkish employment rate is a low 43.2%.,,43.2%
Agricultural employment is currently 29% of total employment; manufacturing employment is 19%; construction is 6%; most working people are in services.,,"29%, 19%, 6%"
The 15 to 24 year olds were 18.5% of the Turkish labour force in 2006 (see Tables 4.2 and 4.3).,2006,18.5%
Close to 40% of unemployed young people are first-time job seekers.,,40%
"64 HUMAN DEVELOPMENT REPORT / TURKEY 2008 4 Unemployment LFPR (%) Employment rate (%) Nonparticipants Civilian population 15+ Civilian population Labour force Employment Under employment Unemployment rate (%) Non-agricultural unemployment rate (%) Under employment rate (%) Year TOTAL 1990 OCT 55,580","2008, 1990, 1995, 2000, 2005, 2006, 1990, 1995, 2000, 2005, 2006, 1990, 1995, 2000, 2005, 2006",
Summary: Labour force statistics of the civilian population by gender Source: TURKSTAT Household Labour Force Survey results 65 TURKEY 2008 / HUMAN DEVELOPMENT REPORT 4 Unemployment LFPR (%) Employment rate (%) Nonparticipants 15 - 24 Civilian population Labour force Employment Under employment Unem,"2008, 1990, 1995, 2000, 2005, 2006, 1990, 1995, 2000, 2005, 2006, 1990, 1995, 2000, 2005, 2006",
"Summary: Labour force statistics of the young population of 15-24 years of age, by gender Source: TURKSTAT Household Labour Force Survey results 66 HUMAN DEVELOPMENT REPORT / TURKEY 2008 4 Part of the reason for this outcome may be that the more educated youth are likely to have higher wage expectat",2008,
"Youth unemployment duration highlights Long-term unemployed people (unemployed for over a year) comprise 37.5% of the total of unemployed, and this proportion is rising.",,37.5%
Only 38% of those who have joined the labour market worked more than six months in any one job.,,38%
"The biggest portion of people who are laid off from jobs is the youth with low socioeconomic status, by 30.8%.",,30.8%
It gives the percentage distribution of unemployment duration by gender for the 2000-2001 LFS raw data.,"2000, 2001",
These figures are 16% for men and 25.3% for women.,,"16%, 25.3%"
"Taşcı and Tansel also report that the highest percentage of the long-term unemployed comprises secondary school and vocational secondary school graduates, 24.8% and 20.6%, respectively.",,"24.8%, 20.6%"
"The lowest percentage of the long-term unemployed comprises non-graduates and junior secondary school graduates, 10.9% and 15.3%, respectively.",,"10.9%, 15.3%"
"67 TURKEY 2008 / HUMAN DEVELOPMENT REPORT 4 Number Less than 3 months (percent) 3-5 months 6-8 months 8-11 months Over a year Male 2,066 36.8 33.3 10.8 3.3 15.9 Female 1,152 30.5 27.0 13.1 4.2 25.3 Table 4.4.",2008,
"Unemployment duration for youth, by gender in Turkey, 2000-2001 Source: Taşcı and Tansel, 2005, Table 1, p.","2000, 2001, 2005",
"In the framework of the comprehensive long-term Technical Cooperation (1992 – 2007) between ILO/IPEC and Turkey, the Government has developed a wide-ranging policy and programme, clearly identifying national priorities and objectives for the elimination of child labour in Turkey.","1992, 2007",
"A nation-wide “Child Labour Survey” was conducted by the Turkish Statistics Institution (TURKSTAT) in 2006, supported by ILO/IPEC.",2006,
"According to this survey, which is a follow-up to earlier surveys conducted in 1994 and 1999, the incidence of child labour continues to fall.","1994, 1999",
"According to the results of the three surveys, the proportion of working children (age group 6-17) was 15.2% in 1994, dropping to 10.3% in 1999 and to 5.9% in 2006.","1994, 1999, 2006","15.2%, 10.3%, 5.9%"
"In the age group of 6-14, 320,000 children out of 12,478,000 were working in 2006.",2006,
"Comparing this figure to data obtained from the 1999 survey, the proportion of children in this group who work decreased from 5.1% to 2.6%.",1999,"5.1%, 2.6%"
"The recent survey indicates that of all working children, 41% are employed in agriculture, 28% in industry, 22% in trade and 9% in services.",,"41%, 28%, 22%, 9%"
"It is hoped that some 30% of early adolescents between the ages of 10–14 years who dropped out or never enrolled in school will be able to catch up on their education and will complete their basic education, while improving their chances to access to secondary education.",,30%
"by ILO/TURKEY and UNICEF/Turkey 68 HUMAN DEVELOPMENT REPORT / TURKEY 2008 4 Enhancing the qualification level of the labour force, starting with the cohort of the next entrants, constitutes a crucial question for the youth and the Turkish labour market as has been illustrated in the previous section",2008,
Education connection (95%).,,95%
"The move from five to eight years of compulsory schooling required, on average, an expenditure of US$ 3 billion per annum since 1997.96 This may be a good indicator of the required expenditure for a transition to 12-year compulsory education.",1997,
"A recent OECD report98, just like the World Bank’s 2006 education sector report that preceded it, criticized the Turkish education system.",2006,
"Since standard secondary schools are only geared towards providing access to 69 TURKEY 2008 / HUMAN DEVELOPMENT REPORT 4 the much-desired tertiary education, industry demand for vocational skills is not met.",2008,
"The European Training Foundation (ETF) produced a review of the vocational education and training system of Turkey, at the end of 1999.",1999,
This report concluded (as outlined in European Commission’s Regular Report of 2000 on Turkey’s progress towards accession) “a clear link between the requirements of the labour market and the skills acquired by the gradu-ates of the vocational schools is needed”.,2000,
"Although female enrolment was initially very limited in these schools (1% in 1975), over time female enrolment proportions have reached the same levels as the ratio of girls in standard high schools.99 Both male and female enrolment in religious vocational secondary schools increased extensively.",1975,1%
"At their peak in 19961997, they had an enrolment of over 510,000 students, 193,000 of whom were in the senior secondary school section and accounted for about 20% of corresponding vocational and technical secondary schools.",,20%
"Starting with the 1999-2000 school year, however, new regulations for nationwide university entrance examination made it very hard for vocational school graduates to further their education in subjects that are unrelated to their vocational high school background.","1999, 2000",
"In 1997 with the introduction of the eightyear compulsory schooling, only the formerly senior secondary school sections of the Imam Hatip schools remained.",1997,
"By 2000-2001, the number of students enrolled in these religious vocational high schools was down to 65,000, around 7% of the total.","2000, 2001",7%
"This number had risen to 96,000 in 2004.100 The discussions on the matter continue to date.",2004,
"A weakness of the system appears to have been the lack of strategic planning by responsible authorities102, who seem to have been very slow in responding to changes.103 MoNE (Ministry of National Education) does not seem to use any substantive labour market projections or 70 HUMAN DEVELOPMENT REPORT",2008,
"There are more unemployed vocational school graduates, compared with the same age group’s unemployment rate in 2002 (13.5% vs.",2002,13.5%
11.4%).104.,,11.4%
"The Turkish Enterprise and Business Confederation (TURKONFED) jointly published with Sabancı University’s “Education Reform Initiative’, a report entitled ‘Skills, Competencies and Vocational Education: Policy Analysis and Proposals” in November 2006.",2006,
"71 TURKEY 2008 / HUMAN DEVELOPMENT REPORT 4 hand, popular tourist destinations could be promoted by vocational tourism schools and programmes.",2008,
It accounts for 70% of the total rural employment.,,70%
"However, almost 90% of women work in agriculture, most of them as unpaid family workers.",,90%
"The share of agricultural employment has been steadily declining, now down to 27% of employment.",,27%
It is currently 6.7%.,,6.7%
"In 1950, the proportion of the rural population started to fall for the first time in the history of Turkey.",1950,
It was 75% at the time.,,75%
72 HUMAN DEVELOPMENT REPORT / TURKEY 2008 4 created in addition to the vast modernisation of agriculture and emerging rural industries in large rural areas.,2008,
"The Turkish population is still growing, the median education level is a low six years (despite the 8-year compulsory education) that renders active labour market policies less effective, and almost 30% of the population is still rural although this share is declining.",,30%
The trend is relatively slow but surely in favour of reducing considerably rural employment as pointed out above and the related internal 73 TURKEY 2008 / HUMAN DEVELOPMENT REPORT 4 migration is a phenomenon with a large young age component.,2008,
74 HUMAN DEVELOPMENT REPORT / TURKEY 2008 Chapter 5 PARTICIPATION “To engage in dialogue and joint decision making means to be willing to change the adult ways and experiment with new solutions...,2008,
"Noam, Editor-in-Chief, New Directions for Youth Development Journal 77 TURKEY 2008 / HUMAN DEVELOPMENT REPORT 5 promotes active participation in social life where rights and responsibilities of the citizenry are clear then it is most likely that that child will grow to support the democratic system ",2008,
"DIFFERENT LEVELS OF PARTICIPATION Source: Nicola Ansell, Children Youth and Development Increasing degrees of participation Non-participation 78 HUMAN DEVELOPMENT REPORT / TURKEY 2008 5 In Turkey the young generations usually cannot find an environment within their families or closest social circles",2008,
The participation of youth is low even in decisions about everyday matters such as determining what TV channel to watch (55%) and the nature of time spent together (52%).,,"55%, 52%"
This rate falls to 43% in economic issues concerning the family.,,43%
"No education system can provide adequate educational and moral backing to young generations for their proper democratic socialization into public life as long as corruption, irresponsiveness and unaccountability are rampant in the 79 TURKEY 2008 / HUMAN DEVELOPMENT REPORT 5 system.",2008,
There were only 35 people in the 30-35 age group who were elected to the 2002-2007 parliament of 550 deputies.,"2002, 2007",
This number decreased to only 19 people after the 22 July 2007 elections.,2007,
"“Those who protect only themselves and their relatives”, “those who don’t do much for the people” and “they are not telling the truth” are statements often used by youth when describing politicians...109 According to the State of Youth Survey the rate of youth who are currently active in a political",,4.7%
Three-fourths of the remaining 95.3% are not considering taking part in any political party in the future.,,95.3%
"to be elected in 1935, years before many European countries did, but the number of women in the parliament is still very low.111 It is important to be able to give youth their rights not just on paper but also in actual implementation.",1935,
80 HUMAN DEVELOPMENT REPORT / TURKEY 2008 5 BOX 5.4.,2008,
UNV was designated by the General Assembly resolution in 1976 as the major operational unit of the UN for the execution of youth programmes.,1976,
"Subsequently, resolutions in 2001, 2003 and 2006 went further to recommend specific initiatives for encouraging and facilitating youth volunteering.","2001, 2003, 2006",
"115 However, among those who participated in the State of Youth Survey the rate of young people who are members of a nongovernmental organization is only 4% in Turkey.",,4%
About 46% of these are either university students or graduates.,,46%
"With persistence and determination...”116 81 TURKEY 2008 / HUMAN DEVELOPMENT REPORT 5 NGOs teach youth many things regarding tolerance towards youth and respect for differences: “Before, I couldn’t tolerate different points of view.",2008,
"VOLUNTARY ACTIVITIES IN TURKEY Following the 1999 earthquake, Turkey witnessed the difference that can be made with the mobilization of hundreds and thousands of volunteers.",1999,
"While there were voluntary activities in only two branches in 2003, this number rose to 207,000 volunteers in 649 branches in 2007.","2003, 2007",
"NGOs transform volunteer or professional youth who work within these 82 HUMAN DEVELOPMENT REPORT / TURKEY 2008 from 1,476 projects organized by youth between 2003 and 2007.","2008, 2003, 2007",
120 Such projects in which these young people are involved are in fact the reflection of the dynamic effects of the European Union process.121 It has already been mentioned that only 4% of the youth who participated in the State of Youth Survey were members of NGOs.,,4%
"However, in Turkey the rate of youth who speak a foreign language adequately so as to be able to read a publication is 28.4%.122 Regional differences should not be forgotten either.",,28.4%
THE DISTRIBUTION OF NATIONAL AGENCY PROJECTS ACCORDING TO CITIES (2003-2007) organizations into enterprising individuals.,"2003, 2007",
"For example, through the support of the National Agency that is the implementer in Turkey of the Youth Programmes under the framework of European Communities Programme, almost 20,000 people benefited Source: National Agency YOUTH PROJECTS 2007 83 TURKEY 2008 / HUMAN DEVELOPMENT REPORT 5 gap between ","2007, 2008",
"YOUTH COUNCILS ARE BEST PRACTICES IN INVOLVING YOUTH IN THEIR CITIES’ AFFAIRS In Turkey, 73 youth councils and 35 youth centres have been established in almost all provinces under the Local Agenda 21 (LA 21) Programme supported by UNDP since 1997.",1997,
Youth councils culminated in the establishment of the Local Agenda 21 National Youth Parliament in 2003.,2003,
"In particular, the “City Council”, as the main city-wide participatory platform of the LA-21 processes, has been incorporated in Article 76 of the new Law on Municipalities (enacted in July 2005).",2005,
"But despite their frustrations, youth workers say that seeing “youth who involve in these activities and changing themselves and 84 HUMAN DEVELOPMENT REPORT / TURKEY 2008 5 BOX 5.8.",2008,
Chapter 6 VISION FOR THE FUTURE “We can’t solve problems by using the same kind of thinking we used when we created them.” Albert Einstein 87 TURKEY 2008 / HUMAN DEVELOPMENT REPORT 6 CHAPTER 6 VISION FOR THE FUTURE 6.1.,2008,
Time for another leap in Turkey Turkey has a 15-year window of demographic opportunity to prepare today’s youth for the challenges of 2023 and beyond.,2023,
"By then, about 70% of Turkey’s population will be of working age and the working-age population of Turkey will be increasing, though at a decreasing rate, until 2040.123 This so-called demographic transition, when the population growth rate is declining while the working age population keeps rising ",2040,70%
Young people of today will also form the majority of decision-makers and implementers by the year 2023.,2023,
"When the Turkish Republic was founded in 1923, Turkey’s resources were depleted by years of continuous warfare that preceded the War of Independence.",1923,
"Its population at that time was 13 million, and more than 75% of the population lived in rural areas.",,75%
"In 2008, 85 years after its foundation, Turkey’s population is 70.5 million according to the 2007 Population Census and only 30% of the population lives in rural areas.","2008, 2007",30%
The literacy ratio in the 1920s was only 10%; today the illiteracy ratio is 10%.,,"10%, 10%"
"During the 1923-24 school year, there were 360 thousand students at school at all levels124 and there were only 321 graduates from the Turkish universities.",1923,
Manufacturing industry accounted for 2% of national income.,,2%
The country is now an important industrial exporter with total exports exceeding US$ 100 billion.125 Turkey had 1.1 telephones and 0.3 cars per one thousand persons back in 1923.,1923,
Turkey has grown continuously in the twenty-four quarters during 2002-2007.,"2002, 2007",
"However, there are many significant items on Turkey’s unfinished agenda until it reaches its 100th birthday in 2023 to use its considerable potential productively in the era of increasingly internationalising and globalising knowledge economy and to achieve the level of development and welfare it is",2023,
"Issues of Human Development, income distribution, social solidarity, human and social security, and human rights need to 88 HUMAN DEVELOPMENT REPORT / TURKEY 2008 6 edition).",2008,
"The number of 15-64 year-olds, those of the working age, would reach its peak of 64.8 million in 2040.",2040,
The old age dependency ratio will rise swiftly from single digits in 2020 to 18% in 2050.,"2020, 2050",18%
"The number of young people in the age bracket of 15 to 24, after reaching a high point of 13.7 million in 2010, will start to diminish.",2010,
Young population will start decreasing after 2010 are well-defined goals to reach.,2010,
"Just like 191 countries -including Turkeycame together in the Millennium Summit in the year 2000 and committed themselves to realize the Millennium Development Goals (MDGs) they set together; Turkey, apart from general MDGs, is in need of setting a broad range of specific goals in order to realize a",2000,
"For instance, The Scientific and Technological Research Council of Turkey (TÜBİTAK) has been working on a “Vision 2023” project which was helpful in preparing this chapter.",2023,
"MILLENNIUM DEVELOPMENT GOALS In the Millennium Summit of September 2000, 191 nations have pledged to achieve the Millennium Development Goals, including the overarching goal of cutting poverty in half by 2015.","2000, 2015",
"Thus, a projection to the year of 2023 might be helpful in seeing the missing ingredients for an even brighter future.",2023,
"In the 1970s, the average birth rate was 3.5%.",,3.5%
Today it is 1.26%.,,1.26%
"Despite decreasing birth rates, the population in Turkey grew twice its size since 1970s and it will continue to grow but at a slower pace.126 Rapid population growth rates now belong to the past and this process is irreversible, a direct consequence of which is the inevitable change in the age stru","2040, 2006, 2008, 2050",12%
"By 2040, there will be more old people who are over 65 than there are young people who are 15 to 24 years old.",2040,
"Thus, the year 2023 will see Turkey as a ‘middle-aged’ country.",2023,
This makes it a must to address today’s young people that will make up most of the middle-aged in 2023.,2023,
About 70% of Turkey’s population lives in urban areas: Urban population has increased from 14 million in 1970 to 48 million today.,1970,70%
"Between 1990 and 2000, the city population of Turkey increased by about nine million.","1990, 2000",
Half of this increase between 1990 and 2000 came directly from rural-urban migration.,"1990, 2000",
"However, their population now constitutes less than 10% of the total Turkish population.",,10%
By 2025 population growth rate is expected to be 0.8%.,2025,0.8%
"By 2025, it is expected to be 1.5%.",2025,1.5%
"• After 2025, policies will start focusing on adults and elderly people.",2025,
"By 2025, it will be 0.8%.",2025,0.8%
• The child mortality rate will decrease but it is likely to be higher than in many developed countries in 2025.,2025,
90 HUMAN DEVELOPMENT REPORT / TURKEY 2008 6 6.3.,2008,
"For Turkey’s 12 million youth who will be of working age by 2020, both quantity and quality are big challenges.",2020,
"by Üner Kırdar, 2007 Beyond individual sectors the globalising knowledge economy is becoming predominant and leading to deep transformations in every field.",2007,
"91 TURKEY 2008 / HUMAN DEVELOPMENT REPORT 6 Unfortunately, Turkish compulsory schooling level is eight years.",2008,
A move to 12 years of compulsory schooling would require about twice that many students being enrolled in about a decade to reach close to universal 95% enrolment rate.,,95%
While 72% of primary schools are in rural areas only 27% of primary school-age children live in rural areas.134 Another priority is to ensure that all children have access to quality early childhood education as already underlined above.,,"72%, 27%"
Increasing net enrolment ratios especially for secondary and tertiary education is a must but investments and actions taken between now and 2023 will not affect those who will be over 45 by 2023.,"2023, 2023",
"Thus, when making projections it is better to concentrate more on the population that will be in the 25-45 range by 2023, i.e.",2023,
The increasing schooling ratio will show its effects starting from 2015 because those who are out of school today do not have the chance to go back to school.,2015,
"However policies addressing out-of-school youth such as extensive and certified training courses, e-learning, distant learning and peer training can have a vital role in order to increase capabilities of the population by 2023.",2023,
"On the other hand, protecting the environment and the climate can themselves constitute most suitable target areas for further scientific and 92 HUMAN DEVELOPMENT REPORT / TURKEY 2008 6 technological progress and such technologies could well become one of the main driving forces of the knowledge eco",2008,
"Globally, investment in research and development was doubled since 1990, and 80% of this expenditure came from developed OECD countries.137But countries like China and India are catching up fast.",1990,80%
Turkey’s Research and Development expenditures have increased from 0.6% of GDP only a few years ago to 1% of GDP and now amount to US$ 300 million.,,"0.6%, 1%"
"In a broader context, Vision 2023 of The Scientific and Technological Research Council of Turkey (TÜBİTAK) mentioned above set strategic goals such as: • Increasing pre-school enrolment over 50% by 2023 • Making the primary school enrolment rate 100% • Making secondary education compulsory and ensur","2023, 2023","50%, 100%, 100%, 50%"
"• Enrolment ratios should be increased especially in pre-school and higher 93 TURKEY 2008 / HUMAN DEVELOPMENT REPORT 6 benefit of entering the labour market on the right foot, young people are less able to make choices that will improve their own job prospects and those of their future dependents.",2008,
"ILO and other United Nations agencies as well as the World Bank joined forces to create the Youth Employment Network (YEN).139 Turkey showed its commitment to the youth employment issue by becoming a lead country of the YEN in February 2006.140 Also in 2007, Turkey agreed in principle to implement I","2006, 2007",
The youth unemployment rate currently stands at 17-18%.,,18%
"At present, a little above 10% of the service sector is the high-end financial, health or teaching professions that requires university degrees.",,10%
"“Without the The education system as a whole and all of its individual components, including vocational education and life-long learning, need to be further restructured and improved toward very high and competitive as well as broadly accessible quality to adapt and contribute to the knowledge econo",2023,
Employment is the most critical issue 94 HUMAN DEVELOPMENT REPORT / TURKEY 2008 6 Economically prosperous countries attract young people from all over the world.,2008,
"It is estimated that without further immigration, the labour force in Europe, Russia and high-income East Asia and Pacific will fall by 43 million between 2005 and 2025.141 In summary, an action plan concerning employment may include the following points of focus: • Increasing qualifications of the ","2005, 2025",
"There is a lack of age-disaggregated data regarding poverty but it is estimated that almost one in five young people –roughly 18% of young people worldwide—live on less than US$ 1 per day and almost 45%, 515 million young people, live on less than US$ 2 per day.142 There are also a huge number of “i",,"18%, 45%"
"According to TURKSTAT data for 2001 composed of 26 Level 2 Statistical Regional Units, the three poorest such units and the corresponding index numbers (Turkey=100) are: (Ağrı, Ardahan, Iğdır Kars), 34; followed by: (Bitlis, Hakkari, Muş, Van), 35; and then by (Batman, Mardin, Siirt, Şırnak), 46.",2001,
"The 95 TURKEY 2008 / HUMAN DEVELOPMENT REPORT 6 richest three units are the following: (Bolu, Düzce, Kocaeli, Sakarya, Yalova), 191; (Izmir), 150; and (Istanbul), 143.",2008,
"According to projections made by the World Bank if there is no change in inequality in five years (2005-2010), and no increase in consumption, then poverty in Turkey will stay at the same level of 27%.145 Yet, if inequality dropped only 1%, poverty will fall down to 24.7%.","2005, 2010","27%, 1%, 24.7%"
"A 1% growth in consumption combined with a 1% decrease in inequalities reduces poverty to 22.1%.146 Poverty comes as a package, as also stated above.",,"1%, 1%, 22.1%"
"Yet of course, economic growth can provide necessary funds for the State to combat poverty and enhance equality in terms of access to opportunities.149 The Long-term Development Strategy (2001- 96 HUMAN DEVELOPMENT REPORT / TURKEY 2008 6 2023) developed by the State Planning Organization has a stron","2001, 2008, 2023",
"97 TURKEY 2008 / HUMAN DEVELOPMENT REPORT ANNEXES ANNEX ONE Turkey: Selected key statistics Population and Demography 152 Population (2007) 70,586, 256* Percentage of the Population Aged 0-14 (2007) 27.71* Life Expectancy at Birth (Years)- Total 71.3 Life Expectancy at Birth (Years)- Women 73.8 Life","2008, 2007, 2007, 2007, 2007, 2008, 2008, 2001, 2008, 2008, 2008","727 %, 38.1%, 24.3%, 52.9%, 30.5%, 19.8%"
"The survey was conducted among 3,322 young individuals aged 15-24 in the provinces of Istanbul, Ankara, Izmir, Bursa, Tekirdağ, Adana, Samsun, Diyarbakır, Kayseri, Trabzon, Malatya and Erzurum between 10 May 2007 and 10 July 2007.","2007, 2007",
The Method The questionnaire items were composed in two series of workshops held together with the author team of the 2008 National Human Development Report and experts.,2008,
"All the questionnaires were checked through logic control, while ANNEX THREE Methodology of the quantitative survey 102 HUMAN DEVELOPMENT REPORT / TURKEY 2008 30% of the questionnaires were checked through re-asking the interviewees certain questions on the phone by the supervisors.",2008,30%
"Sample Population of Turkey was 67,803,927 at the time of the 2000 Census.",2000,
The projected figure for 2007 is over 70 million.,2007,
"Turkey, which is one of the most populated countries of Europe, 103 TURKEY 2008 / HUMAN DEVELOPMENT REPORT draws attention with its young population.",2008,
According to the data of Turkish Statistics Institute (TURKSTAT) 50.32% of the country’s total population is under the age of 24.,,50.32%
"On the other hand, the people under the age of 40 constitute 73.36% of the total population.",,73.36%
"In order to represent the whole population of 15-24 year olds living in Turkey, the cities where the survey was to be implemented was determined according to ‘The Nomenclature of Territorial Units for Statistics’ (NUTS); and in the determination of the quotas concerning the population, gender, age a",2000,
"In reference to the province-based results of 2000 Census conducted by TURKSTAT, quotas were applied for sex, age sub-groups and educational status for each province.",2000,
"While age groups covered those who were born between 1983-1985, 1986-1988 and 1989-1991, educational status 104 HUMAN DEVELOPMENT REPORT / TURKEY 2008 Secondary School Graduate High School Graduate Uneducated Primary School Graduate University Graduate With 100 + employees OCCUPATION EDUCATION Self-","1983, 1985, 1986, 1988, 1989, 1991, 2008",
"insurance, etc.) With 100 + employees With 50 - 99 employees With 10 - 49 employees With 1 - 9 employees B B B A A B B A A A B B B A A C1 C1 B B A C2 C1 C1 B B Vehicle owners / vehicle owner drivers DE C2 C2 C1 C1 DE DE C2 C2 C1 Large farmers / fishermen / with 4+ employees Small farmers / fishermen",2008,
106 HUMAN DEVELOPMENT REPORT / TURKEY 2008 Secondary School Graduate High School Graduate Uneducated Primary School Graduate University Graduate OCCUPATION EDUCATION Free Lance / Uninsured / Piecework / Part - time Workers Marketing and trade DE C2 C2 C1 C1 Skilled seasonal worker (uninsured) Share,2008,
"The sample size by socio-economic status was as such: 107 TURKEY 2008 / HUMAN DEVELOPMENT REPORT groups covered primary school graduates, secondary school graduates, high school graduates, university graduates, high school students and university students.",2008,
108 HUMAN DEVELOPMENT REPORT / TURKEY 2008 Twenty four focus group meetings with young people aged 15-24 and four focus groups with adults were conducted between 20 May 2007 and 20 June 2007.,"2008, 2007, 2007",
ANNEX FOUR Methodology of the qualitative survey 109 TURKEY 2008 / HUMAN DEVELOPMENT REPORT d.,2008,
"The team also held meetings with nearly 40 academics and experts in the area and with approximately 35 representatives of public institutions such as Ministry of Justice, Ministry of Health, Ministry of Education, Ministry of Labour and others… 110 HUMAN DEVELOPMENT REPORT / TURKEY 2008 ANNEX FIVE 2",2008,
"2022 Indicator 23: Number of associations, foundations and unions and number of members and unionization rate Indicator 24: Proportion of households with no access to safe drinking water Indicator 25: Proportion of households with no access to adequate sanitation 111 TURKEY 2008 / HUMAN DEVELOPMENT ","2022, 2008, 1990",
"Ranking among 177 Countries Youth unemployment rate, total (% of labour force aged 15-24) (2006) 10 Youth unemployment rate (female rate as % of male rate) (2006) 11 Public expenditure on health (% of GDP) (2004) 41 Internet users (per 1,000 people) (2005) 52 Tertiary students in science, engineerin","2006, 2006, 2004, 2005, 1999, 2005, 1995, 2005, 2005, 2005, 2005, 2005, 2005, 2002, 2005, 2005, 2005, 2005, 2005, 2005, 2008, 2008, 2008, 2000",
"3 Unless otherwise indicated, the statistical data used in this Report were taken from sources that were published before the 2007 Population Census.",2007,
"5 Educational Reform Initiative, “Call for the to-be-Members of the 60th Government”, July 2007.",2007,
"Shiva Kumar (eds.), Readings in Human Development: Concepts, Measures and Policies for a Development Paradigm, 2nd edition, New Delhi, Oxford University Press, 2005, p.",2005,
"7 Turkish Statistics Institute (TURKSTAT), Household Labour Force Survey 2006 data.",2006,
"İsmail Tufan and Özgür Arun, Türkiye Özürlüler Araştırması 2002 İleri Analiz Raporu (Turkey Handicapped People Research 2002 Advanced Analysis Report), The Scientific and Technical Research Council of Turkey (TÜBİTAK) and State Planning Organization (SPO), Ankara, January 2006.","2002, 2002, 2006",
"9 Turkish Statistics Institute (TURKSTAT), Household Labour Force Survey 2006 data.",2006,
"10 The figure was provided by the Ministry of Justice, in July 2007.",2007,
"Çarkoğlu et al., Siyasi Partilerde Reform (Reforming the Political Parties), in Turkish, İstanbul, Turkish Economic and Social Studies Foundation (TESEV) publications, 2000.",2000,
"12 Ministry of National Education, National Education Statistics for Formal Education 20062007, Ankara, 2007.",2007,
14 This data is based on Turkish Statistics Institute’s Household Labour Force Database 2006 projections.,2006,
"15 Turkish Statistics Institute, Household Labour Force Survey Database, 2006.",2006,
"16 Report of the UN Secretary-General to the General Assembly, “Implementation of the World Programme of Action for Youth to the Year 2000 and Beyond,” 12 July 2001.","2000, 2001",
Private sector involvement in youth issues is also increasing through companies’ support 115 TURKEY 2008 / HUMAN DEVELOPMENT REPORT for corporate social responsibility projects.,2008,
"20 State Planning Organization, 9th Development Plan (2007-2013), Ankara, 2006.","2007, 2013, 2006",
"21 From a focus group meeting with youth-NGO members/volunteers in Ankara, May 2007.",2007,
22 GSGM 2006 budget proposal and 2006 consolidated budget.,"2006, 2006",
"23 2006 GSGM budget distribution to departments: Directorate of Administrative and Financial Affairs Department (3%), Direcotrate of Personnel and Training Department (0.1%), Directorate of Foreign Affairs Department (0.03%), Directorate of A.P.K Department (0.4%), Aid to Provincial Directorates (56",2006,"3%, 0.1%, 0.03%, 0.4%, 56.43%, 28.38%, 0.4%, 0.25%, 0.4%, 1%, 1%, 7.5%, 1%"
This US$ 1.93 million fund is being used between 2006-2008.,"2006, 2008",
"25 From a focus group meeting with eight participants in one of the villages of Lüleburgaz, in the Thracian Region, June 2007.",2007,
"26 Ideas communicated in the last three concluding paragraphs are drawn heavily from the UNESCO document, Empowering Youth Through National Policies: UNESCO’s Contribution, which was published in 2004.",2004,
"According to the OECD Education at a Glance 2007 Report, “OECD countries with relatively small education budgets (e.g.",2007,
"35 Until 1997, compulsary primary education in Turkey was only five years.",1997,
"38 70% get into the early childhood education system in Mexico, while in European Union countries it is almost 100% of the children.",,"70%, 100%"
39 AÇEV webpage (http://www.acev.org/7cokgec/onem.asp) accessed on 8 June 2007.,2007,
"40 Although first established in 1974, these schools have not shown good performance.",1974,
"To date, only 70,000 people have received electricity technician certificates from these 116 HUMAN DEVELOPMENT REPORT / TURKEY 2008 institutes, according to the sources of the Ministry of Education.",2008,
"41 Turkish Statistical Institute, Houseld Labour Force Survey, 2006.",2006,
"43 More information is available on the Ministry of Education Official Web Page, (https:// www.meb.gov.tr) 44 State made changes to the university student selection exam (ÖSS) in 2006 and there are ongoing efforts to change the student selection and placement criteria and processes.",2006,
"45 In 2007 ÖSS (university entrance exam), among 1,600,000 valid test papers, 47,000 scored zero.",2007,
"Number of those that scored zero was 25,000 in 2006.",2006,
"46 OECD, Education at a Glance, 2007 Report.",2007,
47 This is an April 2006-updated data.,2006,
Nine of these 17 universities will be opened in the 2007-2008 education year.,"2007, 2008",
"49 OECD, Education at a Glance 2007 Report.",2007,
"50 OECD, Education at a Glance 2007 Report.",2007,
"51 Ministry of National Education, National Education Statistics 2006-2007: Formal Education.","2006, 2007",
"52 OECD, Education at a Glance 2007 Report.",2007,
"53 Üner Kırdar, Humanizing the Digital Age, 2007, p.",2007,
"Department of Education, “Progress in International Reading Literacy Study 2001,” 2001.","2001, 2001",
"57 Hakan Ercan, ILO Youth Unemployment Report, 2007.",2007,
"60 2007 Report by Hakan Ercan on Youth Employment, originally prepared for the World Bank.",2007,
"63 Hakan Ercan, ILO Youth Unemployment Report, 2007.",2007,
"64 OECD, Programme for International Student Assesment (PISA), 2003.",2003,
"65 According to Turkey’s Statistical Yearbook of 2006, the incidence of extreme poverty (the percentage of the population living on less than US$ 1 a day) is very low, at less than 117 TURKEY 2008 / HUMAN DEVELOPMENT REPORT 0.02%, but as the poverty threshold is raised, poverty rates also increase d","2006, 2008","0.02%, 15.42%, 20.5%"
"67 Educational Reform Initiative, “Call for the to-be-Members of the 60th Government”, July 2007.",2007,
"The document can be reached at http://www.erg.sabanciuniv.edu/index.html 68 United Nations General Assembly, S–27/2 A World Fit for Children, New York, May 2002.",2002,
"Otaran et al., A Gender Review in Education: Turkey 2003, United Nations Children’s Fund (UNICEF), Ankara, 2003.","2003, 2003",
"70 Hacettepe University Institute of Population Studies, Turkey Demographic and Health Survey, Ankara, 2003.",2003,
"The Dynamics of Honour Killings in Turkey, United Nations Population Fund (UNFPA), Ankara 2005.",2005,
"73 From Haberler.com on http://www.haberler.com/tore-cinayetleri-arastirmasi-haberi, 2007.",2007,
"74 The Hacettepe Institute of Population Studies, Turkey Demographic and Health Survey, 2003.",2003,
"76 Ayşe Gül Altınay and Yeşim Arat, Violence Against Women in Turkey, 2007.",2007,
77 Turkey Demographic and Health Survey 2003.,2003,
"78 Ministry of Health, Ankara, 2005.",2005,
"79 Turkey Demographic and Health Survey 2003, op.",2003,
"Yılmaz, The Quality of Fiscal Adjustment in Turkey: The Case of Social Expenditures, 2006.",2006,
84 From an interview with Ankara Alcohol and Substance Addiction Treatment and Training Centre (AMATEM) officials in June 2007.,2007,
"85 From a focus group in Lüleburgaz with male workers employed in unskilled jobs, June 2007.",2007,
"Ercan, Hakan (2007) / Youth Employment in Turkey / Ankara: International Labour Office.",2007,
118 HUMAN DEVELOPMENT REPORT / TURKEY 2008 89 The targets are 60% for women and 50% for older workers between the ages of 55-64.,2008,"60%, 50%"
"90 Hakan Ercan, background chapter, World Bank Report on Youth Unemployment, 2007.",2007,
"92 Hakan Ercan, background chapter, World Bank Report on Youth Unemployment, 2007.",2007,
"(Daughters were deemed to need even less education – 12% of all women in the labour force are illiterate, 50% have only received primary education.) Compulsory schooling was raised to eight years only in 1997.",1997,"12%, 50%"
"Sustainable pathways to an effective, equitable and efficient education system for pre-school through secondary school education, 2005.",2005,
"97 Tunalı et al, 2004; World Bank, 2006.","2004, 2006",
"98 OECD, Economic Survey of Turkey 2006, Paris.",2006,
"99 Hakan Ercan,“Labour markets and expected demand for vocational education in Turkey, 2003”.",2003,
"101 Ayşe Akpınar and Hakan Ercan, “Vocational and technical education system report: Turkey 2001”, Turin: European Training Foundation, 2003.","2001, 2003",
"103 Hakan Ercan, 2003; Milena Corradini, H.",2003,
"Turin: European Training Foundation, 2004.",2004,
"104 İnsan Tunalı et al (2004), Employment Background Study, European Training Foundation.",2004,
"108 Although, the best one should hope for is the level that prevails in Greece or Italy, for 119 TURKEY 2008 / HUMAN DEVELOPMENT REPORT example: 20 to 30% range.",2008,30%
"111 Following the elections on 22 July 2007, 52 women deputies entered the parliament.",2007,
"112 From the focus group meeting with youth-NGO members/volunteers in Ankara, May 2007.",2007,
"114 From the focus group meeting with youth-NGO members/volunteers in Ankara, May 2007.",2007,
2000.,2000,
"“Research on K-12 School-Based Service Learning: The Evidence Builds.” Phi Delta Kappan, May 2000.",2000,
"116 From the focus group meeting with youth-NGO members/volunteers in Ankara, May 2007.",2007,
"117 From the focus group meeting with Local Youth Councils’ members, May 2007.",2007,
Over 15 million Euros was provided in 2003-2007 for the financing of scholarships.,"2003, 2007",
"123 According to TURKSTAT’s latest estimations made before the 2007 Population Census, Turkey’s population growth rate was 1.26%.",2007,1.26%
TURKSTAT’s projections based on the same estimations also show that the population growth rate will continue to slow down significantly in the next decade and decrease to nearly 1%.,,1%
"New estimations and projections on the population growth rate will later follow, according to the results of the 2007 Population Census.",2007,
124 These statistics are taken from the editorial of the Turkish monthly economic magazine Capital’s November 2003 issue that was commemorating the 80th year of the Republic.,2003,
"126 Can Fuat Gürlesel, Türkiye’nin Kapısındaki Fırsat: 2025’e Doğru Nüfus, Eğitim ve Yeni Açılımlar (The Opportunity at Turkey’s Gate: Population, Education and New Directions towards 2025), October 2004.","2025, 2025, 2004",
"127 Cem Behar, “The General Panorama of Turkey’s Population: 1923-2023,” in C.","1923, 2023",
"Istanbul: TÜSIAD (Turkish Industrialists and Businessmen Association), 1999.",1999,
128 Their highest proportion in the population was 20.4% in 1990.,1990,20.4%
"129 İnsan Tunalı, “Labour market implications of the demographic window of opportunity,” 120 HUMAN DEVELOPMENT REPORT / TURKEY 2008 Forum, December1996.",2008,
"130 This fact is also touched upon in UNFPA State of World Population 2007 , Unleashing the Potential of Urban Growth.",2007,
"131 Cem Behar, “The General Panorama of Turkey’s Population: 1923-2023,” 1999.","1923, 2023, 1999",
"132 Trends quoted here are based on the study of Can Fuat Gürlesel, Türkiye’nin Kapısındaki Fırsat: 2025’e Doğru Nüfus, Eğitim ve Yeni Açılımlar (The Opportunity at Turkey’s Gate: Population, Education and New Directions towards 2025), October 2004.","2025, 2025, 2004",
"Neiadas, CEO, OPAP SA, Greece, at the OECD Forum on Balancing Globalisation in Paris on 22-23 May 2006.",2006,
"134 TÜBİTAK, Vision 2023 Eğitim Ara Raporu (Education Intermission Report).",2023,
"135 UNESCO, Education For All Global Monitoring Report 2007: Strong Foundations Early Childhood Care and Education.",2007,
"137 UIS Bulletin on Science and Technology Statistics, April 2004, Issue No.",2004,
"1 138 ILO, Global Employment Trends for Youth , 2006.",2006,
"139 The YEN was created under the impetus of the Millennium Declaration, where the largest gathering of Heads of State and Government ever met at the Millennium Summit in September 2000 and resolved to “ develop and implement strategies that give young people everywhere a real chance to find decent ","2000, 2002, 2004, 2006, 2006",
"2948, July 2007.",2007,
"Bradburry&Janti, 2001; Neville, 2002: 8 from Judith Bessant, Principles for Developing Youth Policy, Policy Studies, Vol.","2001, 2002",
"26, No.1, 2005, p.105.",2005,
"(http://www.un.org/esa/socdev/unyin/iyd2006.htm) 143 United Nations Population Fund, UNFPA State of World Population 2003.",2003,
"144 UN, 1995.",1995,
"II, August 2005.",2005,
"146 Ayşe Buğra and Çağlar Keyder, New Poverty and the Changing Welfare Regime of Turkey, 2003.",2003,
"149 Buğra and Keyder, New Poverty and the Changing Welfare Regime of Turkey, 2003.",2003,
"150 SPO and UNDP, Millennium Development Goals Report, Turkey 2005.",2005,
121 TURKEY 2008 / HUMAN DEVELOPMENT REPORT 151 İbid.,2008,
"152 Data obtained from TURKSTAT’s 2007 census results are specified with an *, all other relevant data are the TURKSTAT population and development findings of 2006.","2007, 2006",
"154 The data in this section are taken from TURKSTAT population and development findings, 2006 (http://www.turkstat.gov.tr).",2006,
"155 The data in this section are taken from TURKSTAT population and development Findings, 2006 (http://www.turkstat.gov.tr).",2006,
"156 This number is for the year 2004 157 Statistics on labour force are taken from TURKSTAT Household Labour Force Survey, 2006 158 Data on poverty are taken from Turkish Statistics Institute’s Survey on Poverty, conducted in 2006.","2004, 2006, 2006",
"Sources: The 2008 Programme, State Planning Oranization; TURKSTAT; and Ministry of Finance.",2008,
160 Data are obtained from TURKSTAT 2007 census results.,2007,
161 Data are obtained from TURKSTAT Household Labour Force Suvey results of October 2007.,2007,
162 Schooling ratios of the year 2005-2006 were taken from the TURKSTAT education statistics.,"2005, 2006",
Latest population projections according to results of General Population Census in 2000 year were used.,2000,
(2006) ‘Starting Well or Losing Their Way?,2006,
"122 HUMAN DEVELOPMENT REPORT / TURKEY 2008 Background Papers Acar, Hakan.",2008,
2006.,2006,
2004.,2004,
2007.,2007,
2007.,2007,
2006.,2006,
"Education Reform Initiative, 2007.",2007,
2003.,2003,
“Vocational and Technical Education System Report: Turkey 2001”.,2001,
2007.,2007,
August 2007.,2007,
2005.,2005,
"BIBLIOGRAPHY 123 TURKEY 2008 / HUMAN DEVELOPMENT REPORT Bamber, John, and Hamish Murphy.",2008,
1999.,1999,
1999.,1999,
"“The General Panorama of Turkey’s Population: 1923-2023” (Behar, Cem (ed.).","1923, 2023",
"Istanbul: TUSIAD Publications, 1999.",1999,
2004.,2004,
2005.,2005,
2003.,2003,
2005.,2005,
2003.,2003,
"Burcu, Esra, 1998.",1998,
2000.,2000,
2001.,2001,
2004.,2004,
“Household Budget Survey 2002”.,2002,
2007.,2007,
July 2007 (http://www.erg.sabanciuniv.edu/index.html).,2007,
2004.,2004,
2003.,2003,
"Paper presented at the International Conference on Innovation in Higher Education, Kiev, May 2003.",2003,
2007.,2007,
"124 HUMAN DEVELOPMENT REPORT / TURKEY 2008 Fukuda-Parr, Sakiko, and A.K.",2008,
2005.,2005,
2005.,2005,
2002.,2002,
2005.,2005,
2003.,2003,
2004.,2004,
2004.,2004,
"”Türkiye’nin Kapısındaki Fırsat: 2025’e Doğru Nüfus, Eğitim ve Yeni Açılımlar” (“The Opportunity at Turkey’s Gate: Population, Education and New Directions towards 2025”).","2025, 2025",
2003.,2003,
“Turkey Demographic and Health Survey 2003”.,2003,
2006.,2006,
1990.,1990,
2005.,2005,
2007.,2007,
2007.,2007,
1998.,1998,
2003.,2003,
"125 TURKEY 2008 / HUMAN DEVELOPMENT REPORT McKenzie, David J.",2008,
2007.,2007,
"2948, July 2007.",2007,
2007.,2007,
“National Education Statistics 2006-2007: Formal Education”.,"2006, 2007",
1968.,1968,
2006.,2006,
Speech delivered at the OECD Forum on Balancing Globalisation in Paris on 22-23 May 2006.,2006,
2001.,2001,
2006.,2006,
“Economic Survey of Turkey 2006”.,2006,
2004.,2004,
“PISA (Programme for International Student Assessment) 2003 Assessment: Problem Solving for Tomorrow’s World”.,2003,
"“Factbook 2007: Economic, Environmental and Social Statistics”.",2007,
“Education at a Glance 2007—OECD Indicators”.,2007,
2003.,2003,
“A Gender Review in Education: Turkey 2003”.,2003,
1993.,1993,
2005.,2005,
1992.,1992,
2000.,2000,
2003.,2003,
2002.,2002,
Istanbul: The History 126 HUMAN DEVELOPMENT REPORT / TURKEY 2008 Foundation Publications.,2008,
2005.,2005,
2005.,2005,
2002.,2002,
2006.,2006,
“Turkey Handicapped People Research 2002: Advanced Analysis Report”.,2002,
2004.,2004,
1996.,1996,
“Labour Market Implications of the Demographic Window of Opportunity.” Forum December 1996.,1996,
2006.,2006,
"“Employment Background Study”, Turin, European Training Foundation, 2004; World Bank, Turkey Labour Market Study, 2006.","2004, 2006",
2003.,2003,
2006.,2006,
July 2007.,2007,
2007.,2007,
Turkey’s Statistical Yearbook of 2006.,2006,
2003.,2003,
“Vision 2023: Education Intermission Report”.,2023,
2005.,2005,
2004.,2004,
"1, April 2004.",2004,
2001.,2001,
Implementation of the World Programme of Action for Youth to the Year 2000 and Beyond (A/56/180).,2000,
May 2007.,2007,
127 TURKEY 2008 / HUMAN DEVELOPMENT REPORT _____.,2008,
2001.,2001,
2004.,2004,
“World Youth Development Report 2003: The Global Situation of Young People”.,2003,
2005.,2005,
“World Youth Report: Young People Today and in 2015”.,2015,
2001.,2001,
“Bosnia and Herzegovina 2000 Youth Human Development Report”.,2000,
Global Human Development Report 2000: Human Rights and Human Development.,2000,
2001.,2001,
“Lithuania Human Development Report 2001: Opportunities for Youth and Human Development”.,2001,
2002.,2002,
“Russian Federation Human Development Report 2001: Generational Aspects of Human Development”.,2001,
“Jordan Human Development Report 2004: Building Sustainable Livelihoods”.,2004,
“Panama Human Development Report 2004: La Voz de la Juventud”.,2004,
2002.,2002,
2004.,2004,
2005.,2005,
“Education for All Global Monitoring Report 2005: The Quality Imperative.” Paris.,2005,
2007.,2007,
"“Education for All Global Monitoring Report 2007: Strong Foundations, Early Childhood Care and Education”.",2007,
2003.,2003,
“State of World Population 2003: Making One Billion Count—Investing in Adolescents’ Health and Rights”.,2003,
2007.,2007,
“State of World Population 2007: Unleashing the Potential of Urban Growth”.,2007,
2001.,2001,
“Progress in International Reading Literacy 128 HUMAN DEVELOPMENT REPORT / TURKEY 2008 Study 2001”.,"2008, 2001",
1996.,1996,
1990.,1990,
"“Turkey Education Sector Study: Sustainable Pathways to an Effective, Equitable, and Efficient Education System for Preschool through Secondary School Education.” Human Development Sector Unit, Europe and Central Asia Region in association with Education Reform Initiative/ Istanbul Policy Center, De",2005,
2006.,2006,
"April 14, 2006.",2006,
2007.,2007,
2006.,2006,
2007.,2007,
